train_loss,test_loss
0.021695360883403524,0.03927358573325622
0.012316282149087608,0.005723718072613197
0.01291611568555812,0.003340889896421293
0.01005673382722262,0.0019424203624505115
0.01901146483859439,0.011090132126012993
